Key,Name,Created,Updated
TSS2-2091,Chelsey Dietrich,2020-11-09T12:34:04.431Z,2020-11-09T12:34:04.431Z
TSS2-2092,Clementina DuBuque,2020-11-09T12:34:04.648Z,2020-11-09T12:34:04.648Z
TSS2-2093,Clementine Bauch,2020-11-09T12:34:04.793Z,2020-11-09T12:34:04.793Z
TSS2-2094,Ervin Howell,2020-11-09T12:34:04.915Z,2020-11-09T12:34:04.915Z
TSS2-2095,Glenna Reichert,2020-11-09T12:34:05.015Z,2020-11-09T12:34:05.015Z
TSS2-2096,Kurtis Weissnat,2020-11-09T12:34:05.118Z,2020-11-09T12:34:05.118Z
TSS2-2097,Leanne Graham,2020-11-09T12:34:05.202Z,2020-11-09T12:34:05.202Z
TSS2-2098,Mrs. Dennis Schulist,2020-11-09T12:34:05.321Z,2020-11-09T12:34:05.321Z
TSS2-2099,Nicholas Runolfsdottir V,2020-11-09T12:34:05.411Z,2020-11-09T12:34:05.411Z
TSS2-2100,Patricia Lebsack,2020-11-09T12:34:05.507Z,2020-11-09T12:34:05.507Z
