Key,Name,Created,Updated
SPOC-17,Chelsey Dietrich,2020-09-17T18:26:55.529Z,2020-09-17T18:26:55.529Z
SPOC-13,Clementina DuBuque,2020-09-17T18:26:55.521Z,2020-09-17T18:26:55.521Z
SPOC-11,Clementine Bauch,2020-09-17T18:26:55.519Z,2020-09-17T18:26:55.519Z
SPOC-9,Ervin Howell,2020-09-17T18:26:55.515Z,2020-09-17T18:26:55.515Z
SPOC-12,Glenna Reichert,2020-09-17T18:26:55.519Z,2020-09-17T18:26:55.519Z
SPOC-18,Kurtis Weissnat,2020-09-17T18:26:55.640Z,2020-09-17T18:26:55.640Z
SPOC-15,Leanne Graham,2020-09-17T18:26:55.525Z,2020-09-17T18:26:55.525Z
SPOC-14,Mrs. Dennis Schulist,2020-09-17T18:26:55.523Z,2020-09-17T18:26:55.523Z
SPOC-10,Nicholas Runolfsdottir V,2020-09-17T18:26:55.516Z,2020-09-17T18:26:55.516Z
SPOC-16,Patricia Lebsack,2020-09-17T18:26:55.529Z,2020-09-17T18:26:55.529Z
