<?xml version="1.0" encoding="UTF-8" standalone="yes"?><ns2:InsightSchema externalVersion="1" xmlns:ns2="http://www.riada.se/insight/external/version/1"><objectSchema><id>155</id><name>Test Schema2</name><objectSchemaKey>TSS2</objectSchemaKey><description></description><objectTypes><objectType objectSchemaId="155"><id>319</id><name>Object With All Attributes</name><icon><id>123</id><name>Globe</name><uuid>a6be9703-5982-44f9-8267-7bc9b1e4a23e</uuid></icon><position>0</position><created>2020-11-09T12:34:02.799Z</created><updated>2020-11-09T12:34:02.799Z</updated><objectTypeChildren/><objectTypeAttributes><objectTypeAttribute><id>3630</id><label>false</label><name>Key</name><type>0</type><defaultTypeId>0</defaultTypeId><position>0</position><created>2020-11-09T12:34:02.848Z</created><updated>2020-11-09T12:34:02.848Z</updated><objectTypeId>319</objectTypeId><hidden>false</hidden><minimumCardinality>1</minimumCardinality><maximumCardinality>1</maximumCardinality><includeChildObjectTypes>false</includeChildObjectTypes><uniqueAttribute>false</uniqueAttribute><summable>false</summable><options></options></objectTypeAttribute><objectTypeAttribute><id>3631</id><label>true</label><name>Name</name><type>0</type><description>The name of the object</description><defaultTypeId>0</defaultTypeId><position>1</position><created>2020-11-09T12:34:02.854Z</created><updated>2020-11-09T12:34:03.035Z</updated><objectTypeId>319</objectTypeId><hidden>false</hidden><minimumCardinality>1</minimumCardinality><maximumCardinality>1</maximumCardinality><includeChildObjectTypes>false</includeChildObjectTypes><uniqueAttribute>false</uniqueAttribute><summable>false</summable><options></options></objectTypeAttribute><objectTypeAttribute><id>3632</id><label>false</label><name>Created</name><type>0</type><defaultTypeId>6</defaultTypeId><position>2</position><created>2020-11-09T12:34:02.866Z</created><updated>2020-11-09T12:34:02.866Z</updated><objectTypeId>319</objectTypeId><hidden>false</hidden><minimumCardinality>1</minimumCardinality><maximumCardinality>1</maximumCardinality><includeChildObjectTypes>false</includeChildObjectTypes><uniqueAttribute>false</uniqueAttribute><summable>false</summable><options></options></objectTypeAttribute><objectTypeAttribute><id>3633</id><label>false</label><name>Updated</name><type>0</type><defaultTypeId>6</defaultTypeId><position>3</position><created>2020-11-09T12:34:02.874Z</created><updated>2020-11-09T12:34:02.874Z</updated><objectTypeId>319</objectTypeId><hidden>false</hidden><minimumCardinality>1</minimumCardinality><maximumCardinality>1</maximumCardinality><includeChildObjectTypes>false</includeChildObjectTypes><uniqueAttribute>false</uniqueAttribute><summable>false</summable><options></options></objectTypeAttribute><objectTypeAttribute><id>3638</id><label>false</label><name>Boolean</name><type>0</type><defaultTypeId>2</defaultTypeId><position>4</position><created>2020-11-09T12:34:03.051Z</created><updated>2020-11-09T12:34:03.051Z</updated><objectTypeId>319</objectTypeId><hidden>false</hidden><minimumCardinality>0</minimumCardinality><maximumCardinality>1</maximumCardinality><includeChildObjectTypes>false</includeChildObjectTypes><uniqueAttribute>false</uniqueAttribute><summable>false</summable><options></options></objectTypeAttribute><objectTypeAttribute><id>3639</id><label>false</label><name>Integer</name><type>0</type><defaultTypeId>1</defaultTypeId><position>5</position><created>2020-11-09T12:34:03.081Z</created><updated>2020-11-09T12:34:03.081Z</updated><objectTypeId>319</objectTypeId><hidden>false</hidden><minimumCardinality>0</minimumCardinality><maximumCardinality>1</maximumCardinality><includeChildObjectTypes>false</includeChildObjectTypes><uniqueAttribute>false</uniqueAttribute><summable>false</summable><options></options></objectTypeAttribute><objectTypeAttribute><id>3640</id><label>false</label><name>Text</name><type>0</type><defaultTypeId>0</defaultTypeId><position>6</position><created>2020-11-09T12:34:03.099Z</created><updated>2020-11-09T12:34:03.099Z</updated><objectTypeId>319</objectTypeId><hidden>false</hidden><minimumCardinality>0</minimumCardinality><maximumCardinality>1</maximumCardinality><includeChildObjectTypes>false</includeChildObjectTypes><uniqueAttribute>false</uniqueAttribute><summable>false</summable><options></options></objectTypeAttribute><objectTypeAttribute><id>3641</id><label>false</label><name>Float</name><type>0</type><defaultTypeId>3</defaultTypeId><position>7</position><created>2020-11-09T12:34:03.111Z</created><updated>2020-11-09T12:34:03.111Z</updated><objectTypeId>319</objectTypeId><hidden>false</hidden><minimumCardinality>0</minimumCardinality><maximumCardinality>1</maximumCardinality><includeChildObjectTypes>false</includeChildObjectTypes><uniqueAttribute>false</uniqueAttribute><summable>false</summable><options></options></objectTypeAttribute><objectTypeAttribute><id>3642</id><label>false</label><name>Date</name><type>0</type><defaultTypeId>4</defaultTypeId><position>8</position><created>2020-11-09T12:34:03.123Z</created><updated>2020-11-09T12:34:03.123Z</updated><objectTypeId>319</objectTypeId><hidden>false</hidden><minimumCardinality>0</minimumCardinality><maximumCardinality>1</maximumCardinality><includeChildObjectTypes>false</includeChildObjectTypes><uniqueAttribute>false</uniqueAttribute><summable>false</summable><options></options></objectTypeAttribute><objectTypeAttribute><id>3643</id><label>false</label><name>DateTime</name><type>0</type><defaultTypeId>6</defaultTypeId><position>9</position><created>2020-11-09T12:34:03.137Z</created><updated>2020-11-09T12:34:03.137Z</updated><objectTypeId>319</objectTypeId><hidden>false</hidden><minimumCardinality>0</minimumCardinality><maximumCardinality>1</maximumCardinality><includeChildObjectTypes>false</includeChildObjectTypes><uniqueAttribute>false</uniqueAttribute><summable>false</summable><options></options></objectTypeAttribute><objectTypeAttribute><id>3644</id><label>false</label><name>URL</name><type>0</type><defaultTypeId>7</defaultTypeId><additionalValue>DISABLED</additionalValue><position>10</position><created>2020-11-09T12:34:03.156Z</created><updated>2020-11-09T12:34:03.156Z</updated><objectTypeId>319</objectTypeId><hidden>false</hidden><minimumCardinality>0</minimumCardinality><maximumCardinality>-1</maximumCardinality><suffix></suffix><includeChildObjectTypes>false</includeChildObjectTypes><uniqueAttribute>false</uniqueAttribute><summable>false</summable><regexValidation></regexValidation><iql></iql><options></options></objectTypeAttribute><objectTypeAttribute><id>3645</id><label>false</label><name>Email</name><type>0</type><defaultTypeId>8</defaultTypeId><position>11</position><created>2020-11-09T12:34:03.173Z</created><updated>2020-11-09T12:34:03.173Z</updated><objectTypeId>319</objectTypeId><hidden>false</hidden><minimumCardinality>0</minimumCardinality><maximumCardinality>-1</maximumCardinality><suffix></suffix><includeChildObjectTypes>false</includeChildObjectTypes><uniqueAttribute>false</uniqueAttribute><summable>false</summable><regexValidation></regexValidation><iql></iql><options></options></objectTypeAttribute><objectTypeAttribute><id>3646</id><label>false</label><name>Textarea</name><type>0</type><defaultTypeId>9</defaultTypeId><position>12</position><created>2020-11-09T12:34:03.185Z</created><updated>2020-11-09T12:34:03.185Z</updated><objectTypeId>319</objectTypeId><hidden>false</hidden><minimumCardinality>0</minimumCardinality><maximumCardinality>1</maximumCardinality><includeChildObjectTypes>false</includeChildObjectTypes><uniqueAttribute>false</uniqueAttribute><summable>false</summable><options></options></objectTypeAttribute><objectTypeAttribute><id>3647</id><label>false</label><name>Select</name><type>0</type><defaultTypeId>10</defaultTypeId><position>13</position><created>2020-11-09T12:34:03.198Z</created><updated>2020-11-09T12:34:03.198Z</updated><objectTypeId>319</objectTypeId><hidden>false</hidden><minimumCardinality>0</minimumCardinality><maximumCardinality>-1</maximumCardinality><suffix></suffix><includeChildObjectTypes>false</includeChildObjectTypes><uniqueAttribute>false</uniqueAttribute><summable>false</summable><regexValidation></regexValidation><iql></iql><options>The First Option,The Second Option,The Third Option</options></objectTypeAttribute><objectTypeAttribute><id>3648</id><label>false</label><name>IP Address</name><type>0</type><defaultTypeId>11</defaultTypeId><position>14</position><created>2020-11-09T12:34:03.213Z</created><updated>2020-11-09T12:34:03.213Z</updated><objectTypeId>319</objectTypeId><hidden>false</hidden><minimumCardinality>0</minimumCardinality><maximumCardinality>1</maximumCardinality><suffix></suffix><includeChildObjectTypes>false</includeChildObjectTypes><uniqueAttribute>false</uniqueAttribute><summable>false</summable><regexValidation></regexValidation><iql></iql><options></options></objectTypeAttribute><objectTypeAttribute><id>3649</id><label>false</label><name>User</name><type>2</type><defaultTypeId>-1</defaultTypeId><additionalValue>SHOW_PROFILE</additionalValue><position>15</position><created>2020-11-09T12:34:03.226Z</created><updated>2020-11-09T12:34:03.226Z</updated><objectTypeId>319</objectTypeId><hidden>false</hidden><minimumCardinality>0</minimumCardinality><maximumCardinality>-1</maximumCardinality><suffix></suffix><includeChildObjectTypes>false</includeChildObjectTypes><uniqueAttribute>false</uniqueAttribute><summable>false</summable><regexValidation></regexValidation><iql></iql><options></options></objectTypeAttribute><objectTypeAttribute><id>3650</id><label>false</label><name>Object</name><type>1</type><defaultTypeId>-1</defaultTypeId><referenceType><id>1</id><name>Dependency</name><description>Dependency</description><color>e8f00e</color><removable>false</removable></referenceType><referenceObjectTypeId>319</referenceObjectTypeId><position>16</position><created>2020-11-09T12:34:03.241Z</created><updated>2020-11-09T12:34:03.241Z</updated><objectTypeId>319</objectTypeId><hidden>false</hidden><minimumCardinality>0</minimumCardinality><maximumCardinality>-1</maximumCardinality><suffix></suffix><includeChildObjectTypes>false</includeChildObjectTypes><uniqueAttribute>false</uniqueAttribute><summable>false</summable><regexValidation></regexValidation><iql></iql><options></options></objectTypeAttribute><objectTypeAttribute><id>3651</id><label>false</label><name>Group</name><type>4</type><defaultTypeId>-1</defaultTypeId><additionalValue>SHOW_PROFILE</additionalValue><position>17</position><created>2020-11-09T12:34:03.262Z</created><updated>2020-11-09T12:34:03.262Z</updated><objectTypeId>319</objectTypeId><hidden>false</hidden><minimumCardinality>0</minimumCardinality><maximumCardinality>-1</maximumCardinality><suffix></suffix><includeChildObjectTypes>false</includeChildObjectTypes><uniqueAttribute>false</uniqueAttribute><summable>false</summable><regexValidation></regexValidation><iql></iql><options></options></objectTypeAttribute><objectTypeAttribute><id>3652</id><label>false</label><name>Project</name><type>6</type><defaultTypeId>-1</defaultTypeId><position>18</position><created>2020-11-09T12:34:03.273Z</created><updated>2020-11-09T12:34:03.273Z</updated><objectTypeId>319</objectTypeId><hidden>false</hidden><minimumCardinality>0</minimumCardinality><maximumCardinality>-1</maximumCardinality><suffix></suffix><includeChildObjectTypes>false</includeChildObjectTypes><uniqueAttribute>false</uniqueAttribute><summable>false</summable><regexValidation></regexValidation><iql></iql><options></options></objectTypeAttribute><objectTypeAttribute><id>3653</id><label>false</label><name>Status</name><type>7</type><defaultTypeId>-1</defaultTypeId><typeValue>167,1,7</typeValue><position>19</position><created>2020-11-09T12:34:03.288Z</created><updated>2020-11-09T12:34:03.288Z</updated><objectTypeId>319</objectTypeId><hidden>false</hidden><minimumCardinality>0</minimumCardinality><maximumCardinality>1</maximumCardinality><includeChildObjectTypes>false</includeChildObjectTypes><uniqueAttribute>false</uniqueAttribute><summable>false</summable><options></options></objectTypeAttribute></objectTypeAttributes><inherited>false</inherited><abstractObjectType>false</abstractObjectType></objectType><objectType objectSchemaId="155"><id>320</id><name>Json User</name><description>Imported from JSON</description><icon><id>180</id><name>User</name><uuid>69625563-6a32-428b-a360-73f4fa597092</uuid></icon><position>1</position><created>2020-11-09T12:34:02.923Z</created><updated>2020-11-09T12:34:02.923Z</updated><objectTypeChildren/><objectTypeAttributes><objectTypeAttribute><id>3634</id><label>false</label><name>Key</name><type>0</type><defaultTypeId>0</defaultTypeId><position>0</position><created>2020-11-09T12:34:02.968Z</created><updated>2020-11-09T12:34:02.968Z</updated><objectTypeId>320</objectTypeId><hidden>false</hidden><minimumCardinality>1</minimumCardinality><maximumCardinality>1</maximumCardinality><includeChildObjectTypes>false</includeChildObjectTypes><uniqueAttribute>false</uniqueAttribute><summable>false</summable><options></options></objectTypeAttribute><objectTypeAttribute><id>3635</id><label>true</label><name>Name</name><type>0</type><description>The name of the object</description><defaultTypeId>0</defaultTypeId><position>1</position><created>2020-11-09T12:34:02.974Z</created><updated>2020-11-09T12:34:03.305Z</updated><objectTypeId>320</objectTypeId><hidden>false</hidden><minimumCardinality>1</minimumCardinality><maximumCardinality>1</maximumCardinality><includeChildObjectTypes>false</includeChildObjectTypes><uniqueAttribute>false</uniqueAttribute><summable>false</summable><options></options></objectTypeAttribute><objectTypeAttribute><id>3636</id><label>false</label><name>Created</name><type>0</type><defaultTypeId>6</defaultTypeId><position>2</position><created>2020-11-09T12:34:02.982Z</created><updated>2020-11-09T12:34:02.982Z</updated><objectTypeId>320</objectTypeId><hidden>false</hidden><minimumCardinality>1</minimumCardinality><maximumCardinality>1</maximumCardinality><includeChildObjectTypes>false</includeChildObjectTypes><uniqueAttribute>false</uniqueAttribute><summable>false</summable><options></options></objectTypeAttribute><objectTypeAttribute><id>3637</id><label>false</label><name>Updated</name><type>0</type><defaultTypeId>6</defaultTypeId><position>3</position><created>2020-11-09T12:34:02.992Z</created><updated>2020-11-09T12:34:02.992Z</updated><objectTypeId>320</objectTypeId><hidden>false</hidden><minimumCardinality>1</minimumCardinality><maximumCardinality>1</maximumCardinality><includeChildObjectTypes>false</includeChildObjectTypes><uniqueAttribute>false</uniqueAttribute><summable>false</summable><options></options></objectTypeAttribute></objectTypeAttributes><inherited>false</inherited><abstractObjectType>false</abstractObjectType></objectType><objectType objectSchemaId="155"><id>321</id><name>Attachment Tests</name><icon><id>207</id><name>Document File</name><uuid>ee3efe6c-346e-4a0f-aec3-a55f4aade612</uuid></icon><position>2</position><created>2020-11-09T12:43:35.582Z</created><updated>2020-11-09T12:43:59.780Z</updated><objectTypeChildren><objectTypeChild objectSchemaId="155"><id>322</id><name>Source Object</name><icon><id>207</id><name>Document File</name><uuid>ee3efe6c-346e-4a0f-aec3-a55f4aade612</uuid></icon><position>0</position><created>2020-11-09T12:44:36.620Z</created><updated>2020-11-09T12:44:36.620Z</updated><parentObjectTypeId>321</parentObjectTypeId><objectTypeChildren/><objectTypeAttributes><objectTypeAttribute><id>3654</id><label>false</label><name>Key</name><type>0</type><defaultTypeId>0</defaultTypeId><position>0</position><created>2020-11-09T12:43:35.692Z</created><updated>2020-11-09T12:43:35.692Z</updated><objectTypeId>321</objectTypeId><hidden>false</hidden><minimumCardinality>1</minimumCardinality><maximumCardinality>1</maximumCardinality><includeChildObjectTypes>false</includeChildObjectTypes><uniqueAttribute>false</uniqueAttribute><summable>false</summable><options></options></objectTypeAttribute><objectTypeAttribute><id>3655</id><label>true</label><name>Name</name><type>0</type><description>The name of the object</description><defaultTypeId>0</defaultTypeId><position>1</position><created>2020-11-09T12:43:35.709Z</created><updated>2020-11-09T12:43:35.709Z</updated><objectTypeId>321</objectTypeId><hidden>false</hidden><minimumCardinality>1</minimumCardinality><maximumCardinality>1</maximumCardinality><includeChildObjectTypes>false</includeChildObjectTypes><uniqueAttribute>false</uniqueAttribute><summable>false</summable><options></options></objectTypeAttribute><objectTypeAttribute><id>3656</id><label>false</label><name>Created</name><type>0</type><defaultTypeId>6</defaultTypeId><position>2</position><created>2020-11-09T12:43:35.717Z</created><updated>2020-11-09T12:43:35.717Z</updated><objectTypeId>321</objectTypeId><hidden>false</hidden><minimumCardinality>1</minimumCardinality><maximumCardinality>1</maximumCardinality><includeChildObjectTypes>false</includeChildObjectTypes><uniqueAttribute>false</uniqueAttribute><summable>false</summable><options></options></objectTypeAttribute><objectTypeAttribute><id>3657</id><label>false</label><name>Updated</name><type>0</type><defaultTypeId>6</defaultTypeId><position>3</position><created>2020-11-09T12:43:35.727Z</created><updated>2020-11-09T12:43:35.727Z</updated><objectTypeId>321</objectTypeId><hidden>false</hidden><minimumCardinality>1</minimumCardinality><maximumCardinality>1</maximumCardinality><includeChildObjectTypes>false</includeChildObjectTypes><uniqueAttribute>false</uniqueAttribute><summable>false</summable><options></options></objectTypeAttribute></objectTypeAttributes><inherited>true</inherited><abstractObjectType>false</abstractObjectType></objectTypeChild><objectTypeChild objectSchemaId="155"><id>323</id><name>Destination Object</name><icon><id>207</id><name>Document File</name><uuid>ee3efe6c-346e-4a0f-aec3-a55f4aade612</uuid></icon><position>1</position><created>2020-11-09T12:44:45.696Z</created><updated>2020-11-09T12:44:45.696Z</updated><parentObjectTypeId>321</parentObjectTypeId><objectTypeChildren/><objectTypeAttributes><objectTypeAttribute><id>3654</id><label>false</label><name>Key</name><type>0</type><defaultTypeId>0</defaultTypeId><position>0</position><created>2020-11-09T12:43:35.692Z</created><updated>2020-11-09T12:43:35.692Z</updated><objectTypeId>321</objectTypeId><hidden>false</hidden><minimumCardinality>1</minimumCardinality><maximumCardinality>1</maximumCardinality><includeChildObjectTypes>false</includeChildObjectTypes><uniqueAttribute>false</uniqueAttribute><summable>false</summable><options></options></objectTypeAttribute><objectTypeAttribute><id>3655</id><label>true</label><name>Name</name><type>0</type><description>The name of the object</description><defaultTypeId>0</defaultTypeId><position>1</position><created>2020-11-09T12:43:35.709Z</created><updated>2020-11-09T12:43:35.709Z</updated><objectTypeId>321</objectTypeId><hidden>false</hidden><minimumCardinality>1</minimumCardinality><maximumCardinality>1</maximumCardinality><includeChildObjectTypes>false</includeChildObjectTypes><uniqueAttribute>false</uniqueAttribute><summable>false</summable><options></options></objectTypeAttribute><objectTypeAttribute><id>3656</id><label>false</label><name>Created</name><type>0</type><defaultTypeId>6</defaultTypeId><position>2</position><created>2020-11-09T12:43:35.717Z</created><updated>2020-11-09T12:43:35.717Z</updated><objectTypeId>321</objectTypeId><hidden>false</hidden><minimumCardinality>1</minimumCardinality><maximumCardinality>1</maximumCardinality><includeChildObjectTypes>false</includeChildObjectTypes><uniqueAttribute>false</uniqueAttribute><summable>false</summable><options></options></objectTypeAttribute><objectTypeAttribute><id>3657</id><label>false</label><name>Updated</name><type>0</type><defaultTypeId>6</defaultTypeId><position>3</position><created>2020-11-09T12:43:35.727Z</created><updated>2020-11-09T12:43:35.727Z</updated><objectTypeId>321</objectTypeId><hidden>false</hidden><minimumCardinality>1</minimumCardinality><maximumCardinality>1</maximumCardinality><includeChildObjectTypes>false</includeChildObjectTypes><uniqueAttribute>false</uniqueAttribute><summable>false</summable><options></options></objectTypeAttribute><objectTypeAttribute><id>3658</id><label>false</label><name>Old Object key</name><type>0</type><defaultTypeId>0</defaultTypeId><position>0</position><created>2020-11-09T12:51:40.743Z</created><updated>2020-11-09T12:51:40.743Z</updated><objectTypeId>323</objectTypeId><hidden>false</hidden><minimumCardinality>0</minimumCardinality><maximumCardinality>1</maximumCardinality><includeChildObjectTypes>false</includeChildObjectTypes><uniqueAttribute>false</uniqueAttribute><summable>false</summable><options></options></objectTypeAttribute></objectTypeAttributes><inherited>true</inherited><abstractObjectType>false</abstractObjectType></objectTypeChild><objectTypeChild objectSchemaId="155"><id>324</id><name>CRUD Object</name><icon><id>207</id><name>Document File</name><uuid>ee3efe6c-346e-4a0f-aec3-a55f4aade612</uuid></icon><position>2</position><created>2020-11-09T12:44:54.636Z</created><updated>2020-11-09T12:56:04.005Z</updated><parentObjectTypeId>321</parentObjectTypeId><objectTypeChildren/><objectTypeAttributes><objectTypeAttribute><id>3654</id><label>false</label><name>Key</name><type>0</type><defaultTypeId>0</defaultTypeId><position>0</position><created>2020-11-09T12:43:35.692Z</created><updated>2020-11-09T12:43:35.692Z</updated><objectTypeId>321</objectTypeId><hidden>false</hidden><minimumCardinality>1</minimumCardinality><maximumCardinality>1</maximumCardinality><includeChildObjectTypes>false</includeChildObjectTypes><uniqueAttribute>false</uniqueAttribute><summable>false</summable><options></options></objectTypeAttribute><objectTypeAttribute><id>3655</id><label>true</label><name>Name</name><type>0</type><description>The name of the object</description><defaultTypeId>0</defaultTypeId><position>1</position><created>2020-11-09T12:43:35.709Z</created><updated>2020-11-09T12:43:35.709Z</updated><objectTypeId>321</objectTypeId><hidden>false</hidden><minimumCardinality>1</minimumCardinality><maximumCardinality>1</maximumCardinality><includeChildObjectTypes>false</includeChildObjectTypes><uniqueAttribute>false</uniqueAttribute><summable>false</summable><options></options></objectTypeAttribute><objectTypeAttribute><id>3656</id><label>false</label><name>Created</name><type>0</type><defaultTypeId>6</defaultTypeId><position>2</position><created>2020-11-09T12:43:35.717Z</created><updated>2020-11-09T12:43:35.717Z</updated><objectTypeId>321</objectTypeId><hidden>false</hidden><minimumCardinality>1</minimumCardinality><maximumCardinality>1</maximumCardinality><includeChildObjectTypes>false</includeChildObjectTypes><uniqueAttribute>false</uniqueAttribute><summable>false</summable><options></options></objectTypeAttribute><objectTypeAttribute><id>3657</id><label>false</label><name>Updated</name><type>0</type><defaultTypeId>6</defaultTypeId><position>3</position><created>2020-11-09T12:43:35.727Z</created><updated>2020-11-09T12:43:35.727Z</updated><objectTypeId>321</objectTypeId><hidden>false</hidden><minimumCardinality>1</minimumCardinality><maximumCardinality>1</maximumCardinality><includeChildObjectTypes>false</includeChildObjectTypes><uniqueAttribute>false</uniqueAttribute><summable>false</summable><options></options></objectTypeAttribute></objectTypeAttributes><inherited>true</inherited><abstractObjectType>false</abstractObjectType></objectTypeChild></objectTypeChildren><objectTypeAttributes><objectTypeAttribute><id>3654</id><label>false</label><name>Key</name><type>0</type><defaultTypeId>0</defaultTypeId><position>0</position><created>2020-11-09T12:43:35.692Z</created><updated>2020-11-09T12:43:35.692Z</updated><objectTypeId>321</objectTypeId><hidden>false</hidden><minimumCardinality>1</minimumCardinality><maximumCardinality>1</maximumCardinality><includeChildObjectTypes>false</includeChildObjectTypes><uniqueAttribute>false</uniqueAttribute><summable>false</summable><options></options></objectTypeAttribute><objectTypeAttribute><id>3655</id><label>true</label><name>Name</name><type>0</type><description>The name of the object</description><defaultTypeId>0</defaultTypeId><position>1</position><created>2020-11-09T12:43:35.709Z</created><updated>2020-11-09T12:43:35.709Z</updated><objectTypeId>321</objectTypeId><hidden>false</hidden><minimumCardinality>1</minimumCardinality><maximumCardinality>1</maximumCardinality><includeChildObjectTypes>false</includeChildObjectTypes><uniqueAttribute>false</uniqueAttribute><summable>false</summable><options></options></objectTypeAttribute><objectTypeAttribute><id>3656</id><label>false</label><name>Created</name><type>0</type><defaultTypeId>6</defaultTypeId><position>2</position><created>2020-11-09T12:43:35.717Z</created><updated>2020-11-09T12:43:35.717Z</updated><objectTypeId>321</objectTypeId><hidden>false</hidden><minimumCardinality>1</minimumCardinality><maximumCardinality>1</maximumCardinality><includeChildObjectTypes>false</includeChildObjectTypes><uniqueAttribute>false</uniqueAttribute><summable>false</summable><options></options></objectTypeAttribute><objectTypeAttribute><id>3657</id><label>false</label><name>Updated</name><type>0</type><defaultTypeId>6</defaultTypeId><position>3</position><created>2020-11-09T12:43:35.727Z</created><updated>2020-11-09T12:43:35.727Z</updated><objectTypeId>321</objectTypeId><hidden>false</hidden><minimumCardinality>1</minimumCardinality><maximumCardinality>1</maximumCardinality><includeChildObjectTypes>false</includeChildObjectTypes><uniqueAttribute>false</uniqueAttribute><summable>false</summable><options></options></objectTypeAttribute></objectTypeAttributes><inherited>true</inherited><abstractObjectType>true</abstractObjectType></objectType></objectTypes></objectSchema><referenceTypes><referenceType><id>1</id><name>Dependency</name><description>Dependency</description><color>e8f00e</color><removable>false</removable></referenceType><referenceType><id>4</id><name>Financial</name><description>Financial</description><color>d12cc6</color><removable>false</removable></referenceType><referenceType><id>2</id><name>Link</name><description>Link</description><color>1ab812</color><removable>true</removable></referenceType><referenceType><id>3</id><name>Reference</name><description>Reference</description><color>49a6ed</color><removable>true</removable></referenceType><referenceType><id>5</id><name>Technical</name><description>Technical</description><color>f51844</color><removable>true</removable></referenceType></referenceTypes><icons><icon><id>25</id><name>3D Printer</name><uuid>46b35f00-304c-403a-95a6-6d8c2235f68d</uuid></icon><icon><id>56</id><name>AV Receiver</name><uuid>2fe81b53-61f4-4d98-8ca0-1a5e7a47fdb0</uuid></icon><icon><id>91</id><name>Active Directory</name><uuid>8efabad9-59ec-4457-a823-9b5d73acda06</uuid></icon><icon><id>29</id><name>Administrative Tools</name><uuid>76a44a8a-e099-45d0-86f5-eed8d6e85560</uuid></icon><icon><id>62</id><name>Agreement</name><uuid>ae5d6104-411c-4289-9e93-21c306d42683</uuid></icon><icon><id>172</id><name>Android</name><uuid>98fe084a-63ad-4585-a4d4-a208b45eb700</uuid></icon><icon><id>93</id><name>Android</name><uuid>caa58cd8-fdee-4f03-abcc-4d3e77e955e2</uuid></icon><icon><id>205</id><name>Apple</name><uuid>60bef1b3-d40e-4085-9691-49280fd6d84e</uuid></icon><icon><id>15</id><name>Apple TV</name><uuid>c427b599-aa21-4816-844b-d6ce06882752</uuid></icon><icon><id>105</id><name>Apple Watch</name><uuid>9ab1911d-92f3-4a05-ad9a-1485b1fb699f</uuid></icon><icon><id>183</id><name>Application Shield</name><uuid>8773d2c0-6589-4b03-869d-f12ce6aaaf11</uuid></icon><icon><id>46</id><name>Application Shield</name><uuid>a6f70800-9447-443c-886a-5ca222f89a61</uuid></icon><icon><id>188</id><name>Assets Details</name><uuid>a9728431-450b-464b-8d85-b78829e6b90b</uuid></icon><icon><id>143</id><name>Astronaut</name><uuid>db3afeae-6e02-4879-9201-2b7da0dce17c</uuid></icon><icon><id>71</id><name>Astronaut</name><uuid>ea7985c6-1895-40d6-b12f-9f15232ef297</uuid></icon><icon><id>41</id><name>Automatic</name><uuid>2cc37693-334d-4dee-b64a-f74874baa180</uuid></icon><icon><id>131</id><name>Blueprint</name><uuid>280855ad-33e8-4b43-b80a-b3cec3a270bd</uuid></icon><icon><id>178</id><name>Building</name><uuid>a13c6b91-c53f-4682-bde5-5e05fbb78f19</uuid></icon><icon><id>42</id><name>Building</name><uuid>ce4e7fcb-1ce8-4838-93f9-e3302bec9754</uuid></icon><icon><id>47</id><name>Bullish</name><uuid>9ebd2aff-e5a8-412d-a893-cce38c5433eb</uuid></icon><icon><id>54</id><name>CD</name><uuid>e02ff09c-932f-4bbf-8e31-bcd8102b6563</uuid></icon><icon><id>194</id><name>CD</name><uuid>84035b83-eab8-4137-a60b-6dfffc0e6327</uuid></icon><icon><id>196</id><name>Calendar</name><uuid>c07e0b02-a5da-4af6-b553-72f10097b71b</uuid></icon><icon><id>78</id><name>Camera</name><uuid>8d6744c4-7386-435b-833f-22ab4b457622</uuid></icon><icon><id>167</id><name>Camera</name><uuid>b2ad4c75-021b-4d5a-8827-daf2d842bd45</uuid></icon><icon><id>14</id><name>Cardboard Box</name><uuid>9a5f41ed-5c7e-4163-bc29-28bb7b183ac6</uuid></icon><icon><id>193</id><name>Chart</name><uuid>0c808572-047e-4aac-be8b-e7a06acc4e77</uuid></icon><icon><id>75</id><name>Checkbox</name><uuid>643305d7-ee0b-4016-86ce-b8355a76a7fe</uuid></icon><icon><id>148</id><name>Checkmark</name><uuid>6bda79d2-4b01-435e-861b-7b8ace73ce40</uuid></icon><icon><id>140</id><name>Cisco Router</name><uuid>6644fdcb-ac77-445d-81f4-7717ef58a15d</uuid></icon><icon><id>13</id><name>Clock</name><uuid>6f5f14b4-4812-446f-9abc-69bbd4930ae7</uuid></icon><icon><id>151</id><name>Clock</name><uuid>4f8f683f-8acc-4e84-88e4-e76a645ecafe</uuid></icon><icon><id>138</id><name>Cloud</name><uuid>9559a9f6-3a38-4b34-9dbc-dba5b747b55a</uuid></icon><icon><id>209</id><name>Cloud</name><uuid>8c4d3c15-8b10-4aae-a979-51a6ee33b187</uuid></icon><icon><id>109</id><name>Collect</name><uuid>42922987-56cf-463e-9ac0-9e11146e857a</uuid></icon><icon><id>158</id><name>Computer Desktop</name><uuid>cd2fb51d-cfd3-45ca-9bbb-7671616e5b0c</uuid></icon><icon><id>166</id><name>Computer Phone</name><uuid>a1250930-8a91-48db-9ebd-3ed0956248d2</uuid></icon><icon><id>83</id><name>Concept</name><uuid>3d4dbf95-5e52-40e3-8af1-c6164452a9b0</uuid></icon><icon><id>190</id><name>Console</name><uuid>bd188343-793c-4490-8557-3977038a381b</uuid></icon><icon><id>124</id><name>Console</name><uuid>baf7a1e4-2c80-4ebb-9cdf-4593056d706f</uuid></icon><icon><id>134</id><name>Contact</name><uuid>78a5013a-b720-4bfd-b901-a2242ea5303b</uuid></icon><icon><id>149</id><name>Control Panel</name><uuid>cfcfaeeb-3572-432b-ab64-d0799811204f</uuid></icon><icon><id>9</id><name>Control Panel</name><uuid>f9b005bf-619c-49ff-98ef-dbb811f006d6</uuid></icon><icon><id>100</id><name>Copy</name><uuid>ab9e4f58-1913-4374-bab3-84cb6d087453</uuid></icon><icon><id>35</id><name>Cottage</name><uuid>8a6ee083-0e75-46d3-be80-d11a4b17ea56</uuid></icon><icon><id>36</id><name>Country</name><uuid>cf4d26d7-a08c-4ff3-b038-80f3ac0413f8</uuid></icon><icon><id>206</id><name>Cube</name><uuid>688e9d19-c8ba-4b54-996e-941d67aa190f</uuid></icon><icon><id>6</id><name>Customer</name><uuid>1adaf86d-4455-4076-aca2-7944e4e9e48d</uuid></icon><icon><id>128</id><name>Data Configuration</name><uuid>2387ef9a-ed38-4f3b-8d0e-41ee557edfdf</uuid></icon><icon><id>19</id><name>Debian</name><uuid>e265c1ed-f31c-4f07-9af3-ddb1da86b426</uuid></icon><icon><id>1</id><name>Delete</name><uuid>52ec4a44-30a5-47b4-868f-96f90fb7162c</uuid></icon><icon><id>73</id><name>Deployment</name><uuid>8c23183b-bd8f-4e87-8173-69c4ef116b57</uuid></icon><icon><id>37</id><name>Device Manager</name><uuid>e5214d4e-2157-4158-b88d-8b854ea29087</uuid></icon><icon><id>136</id><name>Diploma</name><uuid>b1fbcd2f-dd69-402b-b6f1-627154ce9ffe</uuid></icon><icon><id>159</id><name>Disc</name><uuid>84ac3b9d-2ac1-45ea-97b6-511157969eda</uuid></icon><icon><id>89</id><name>Discovery</name><uuid>a651bda2-50ec-4e1c-bc04-7e3fd2c0f776</uuid></icon><icon><id>11</id><name>Document</name><uuid>362e4af1-16d0-4851-9489-afc0066e52db</uuid></icon><icon><id>152</id><name>Document</name><uuid>5b544db1-f6f8-4459-8c76-2aa8a943884d</uuid></icon><icon><id>154</id><name>Document Cerificate</name><uuid>5f4202fa-b274-4444-bc9f-c7123b9b21cf</uuid></icon><icon><id>150</id><name>Document Checkmark</name><uuid>93725d36-913f-48a5-8c8d-ffe2befca9af</uuid></icon><icon><id>160</id><name>Document Continue</name><uuid>e16f9ef5-2116-4446-9d5f-5ec537051bb9</uuid></icon><icon><id>207</id><name>Document File</name><uuid>ee3efe6c-346e-4a0f-aec3-a55f4aade612</uuid></icon><icon><id>174</id><name>Document Key</name><uuid>98a8bb2d-3290-40e8-af57-c0d7acb23b38</uuid></icon><icon><id>86</id><name>Doughnut Chart</name><uuid>fa5c046d-1e4e-4e2b-9b2f-b80537421a53</uuid></icon><icon><id>192</id><name>Download</name><uuid>7c6987a4-e2dd-4477-b5f9-68d03b270a69</uuid></icon><icon><id>84</id><name>Electrical Sensor</name><uuid>95e63a90-5753-43fc-8fb2-c7028383b394</uuid></icon><icon><id>72</id><name>Electronics</name><uuid>4fd8dffa-8c25-49f7-94cd-98db692a0a1a</uuid></icon><icon><id>117</id><name>Engineering</name><uuid>41dc0f4e-95b1-497e-aab0-ec25d83a4e83</uuid></icon><icon><id>115</id><name>Factory</name><uuid>7095569a-a7d5-481f-96af-cf751808fe35</uuid></icon><icon><id>141</id><name>Fax</name><uuid>4b226ff0-1256-412c-98c9-f1815b21b874</uuid></icon><icon><id>57</id><name>Firewall</name><uuid>924955ef-f3a4-47ba-b390-7ead507aae2a</uuid></icon><icon><id>66</id><name>Flow Chart</name><uuid>cbf3fcbd-5f22-465e-bc98-a63dc6c87637</uuid></icon><icon><id>58</id><name>Free BSD</name><uuid>3355c18e-e681-4c7f-8d85-3c29a2388080</uuid></icon><icon><id>76</id><name>GPS Device</name><uuid>3fd9a9f4-13e0-40f0-8170-246fa3fba8eb</uuid></icon><icon><id>155</id><name>Gear</name><uuid>09824b2f-e866-4dda-b55f-ccccb9180cb3</uuid></icon><icon><id>185</id><name>Gear Checkmark</name><uuid>813ca78f-7026-4d68-b0b0-bb7ec523cab6</uuid></icon><icon><id>96</id><name>Gears</name><uuid>4e9d97a2-3731-41e2-923a-546ab6d605d2</uuid></icon><icon><id>26</id><name>Genealogy</name><uuid>0693c779-d7c6-4e74-b680-62e485b15acd</uuid></icon><icon><id>97</id><name>Git</name><uuid>50f42859-3341-499b-89b7-db69a01e9d3a</uuid></icon><icon><id>123</id><name>Globe</name><uuid>a6be9703-5982-44f9-8267-7bc9b1e4a23e</uuid></icon><icon><id>114</id><name>HDD</name><uuid>a25b365b-e2f5-4a1b-a8d0-5aa8b39a94fa</uuid></icon><icon><id>52</id><name>HDTV</name><uuid>bb3ad2ca-4c67-4cec-bfc9-133018469ea6</uuid></icon><icon><id>182</id><name>Hand Tray</name><uuid>4f362983-0569-4795-9fc3-f048c5114989</uuid></icon><icon><id>191</id><name>Hardware Processor</name><uuid>5887a871-398b-40b3-8815-c17e7ac84488</uuid></icon><icon><id>23</id><name>High Importance</name><uuid>786fc077-7c79-44b5-886f-da9201e552b1</uuid></icon><icon><id>125</id><name>Home</name><uuid>edc5a442-ac63-4cce-a1c7-695f2d1d84d2</uuid></icon><icon><id>120</id><name>Hub</name><uuid>f934371c-2c11-4970-884c-1eda1a50b227</uuid></icon><icon><id>157</id><name>IP Address</name><uuid>58731f29-d940-44e1-9a8b-a2ad22c4c266</uuid></icon><icon><id>88</id><name>Individual Server</name><uuid>9a1be5e6-17fb-4a8e-baa7-2aee976b289d</uuid></icon><icon><id>77</id><name>Integrated Circuit</name><uuid>6aebdd6b-1fb4-4953-93cd-8b5ee8eca0cf</uuid></icon><icon><id>195</id><name>Integration</name><uuid>4f0eb6ac-709e-47dd-9435-756e26c6ae47</uuid></icon><icon><id>53</id><name>Java</name><uuid>f883cf8b-51ba-4055-a622-a4de09050870</uuid></icon><icon><id>176</id><name>Key</name><uuid>d69c6d79-91de-42b6-99c4-ee625d5b9633</uuid></icon><icon><id>197</id><name>Keyboard</name><uuid>20a5c2af-769f-40dd-aed3-9311d877a811</uuid></icon><icon><id>132</id><name>Keyboard</name><uuid>882c4e4e-c79f-4318-8214-54e799766e24</uuid></icon><icon><id>104</id><name>Laptop</name><uuid>30fef3d0-6325-44d6-9bbe-fd59efd59cd2</uuid></icon><icon><id>179</id><name>Laptop</name><uuid>7fc345b2-f587-41d3-a198-7fe036f726c9</uuid></icon><icon><id>161</id><name>Light</name><uuid>af9cc99a-70a0-4329-8d4b-13dd6ba8e72c</uuid></icon><icon><id>74</id><name>Light Automation</name><uuid>76e35281-cc6e-43ef-bbe2-317360eb3d4c</uuid></icon><icon><id>40</id><name>Link</name><uuid>9c51dce6-6478-4c7e-b5f0-9893e7d0e535</uuid></icon><icon><id>99</id><name>Linux</name><uuid>7d47e275-c1bb-4d21-83d0-349a19e85c37</uuid></icon><icon><id>79</id><name>Linux Client</name><uuid>afb61682-3768-426f-ba76-819d62de8641</uuid></icon><icon><id>203</id><name>Lock</name><uuid>52d43fd9-bb18-482b-9878-9aeff2cd98e3</uuid></icon><icon><id>87</id><name>Mac Client</name><uuid>e01d7296-eaab-499e-bd9a-2dd59c8a8aae</uuid></icon><icon><id>80</id><name>Mac OS</name><uuid>a7eb6f68-e1a8-4b5e-8e31-5d7d9d555217</uuid></icon><icon><id>200</id><name>Magnifier</name><uuid>55b339db-80be-450a-a37b-317d9fce6139</uuid></icon><icon><id>213</id><name>Map Marker</name><uuid>eea2f280-fedc-43d5-aeef-4c0b349ee1f1</uuid></icon><icon><id>144</id><name>Map Ruler</name><uuid>2aec2794-e534-4866-bb90-0164dea89455</uuid></icon><icon><id>177</id><name>Map time</name><uuid>ef20df2f-78b2-4d44-9e37-7aca184d430b</uuid></icon><icon><id>90</id><name>Marker</name><uuid>3bec964a-942f-462b-8743-0888af1c53f3</uuid></icon><icon><id>60</id><name>Master</name><uuid>9b75ca71-c46a-4207-8dcb-dd6a71b3843e</uuid></icon><icon><id>113</id><name>Memory Slot</name><uuid>e7ba77e0-2feb-46cc-9078-27fb160693c3</uuid></icon><icon><id>27</id><name>Mic</name><uuid>d9ae592b-3398-4933-97f7-a5d916f48805</uuid></icon><icon><id>126</id><name>Mind Map</name><uuid>959d8ee0-fb82-4453-a027-8cea5f3e1933</uuid></icon><icon><id>38</id><name>Module</name><uuid>3d3474c5-9fc8-47d3-bf92-b486a70fb1d1</uuid></icon><icon><id>118</id><name>Monitor</name><uuid>b45929d9-6c0d-4727-b8b7-649424a734a8</uuid></icon><icon><id>137</id><name>Mouse</name><uuid>d5ebda94-55f8-4ac0-bb3b-ab01829ccd4e</uuid></icon><icon><id>55</id><name>Movie Projector</name><uuid>2959cfca-627e-481f-b2c0-872e35af7ac1</uuid></icon><icon><id>2</id><name>NAS</name><uuid>b5bd63d4-b3b2-46ee-ab99-49162eb4f989</uuid></icon><icon><id>22</id><name>Network</name><uuid>c305874a-e01a-4f94-bdaa-d0fd06753481</uuid></icon><icon><id>164</id><name>Network</name><uuid>19649116-901c-4123-bc57-dcc7877c3efb</uuid></icon><icon><id>133</id><name>Network Cable</name><uuid>7b699785-981f-4839-a97a-f3b4336847a8</uuid></icon><icon><id>162</id><name>Network Card</name><uuid>2bf3d41c-3d97-4d5a-aa93-eee2a2d87d7c</uuid></icon><icon><id>20</id><name>Network Card</name><uuid>b866cbad-ef2f-4f95-b378-c37b64fb7437</uuid></icon><icon><id>201</id><name>Nut</name><uuid>ee5501c0-a8f5-4beb-b115-95cf44a17d66</uuid></icon><icon><id>68</id><name>Online</name><uuid>8057c2aa-a81a-4ec7-afbf-488388734af6</uuid></icon><icon><id>31</id><name>Org Unit</name><uuid>7aab5649-94f1-4bef-ba8b-080220d16afc</uuid></icon><icon><id>44</id><name>Organization</name><uuid>abe43d3a-ca47-48c8-81a3-5b8c33835668</uuid></icon><icon><id>139</id><name>Paper</name><uuid>54ee96d0-ec8a-4eb8-af3c-3ba480edee9a</uuid></icon><icon><id>112</id><name>Parallel Tasks</name><uuid>c70ed042-ea71-452f-bb79-4c11cfd084b9</uuid></icon><icon><id>175</id><name>Patch</name><uuid>89175f12-5381-4355-a59c-9095e2257087</uuid></icon><icon><id>165</id><name>People Badge</name><uuid>7ce19109-d14e-46eb-a633-e2f408fdfea7</uuid></icon><icon><id>202</id><name>People Users</name><uuid>d79ee0ad-cb5e-4309-93be-0e3a96d62ca9</uuid></icon><icon><id>189</id><name>Phone</name><uuid>0361e3ae-ae73-4e2b-82f8-af8b5925ee69</uuid></icon><icon><id>122</id><name>Phone</name><uuid>37837f24-e159-41bf-9cf7-e232b8877461</uuid></icon><icon><id>173</id><name>Phone Continue</name><uuid>f92b520c-0b2f-4ccf-a428-94df98856c64</uuid></icon><icon><id>163</id><name>Picture</name><uuid>54a1763e-7143-4e0c-ac21-6b974c4f04d6</uuid></icon><icon><id>208</id><name>Pie Charts</name><uuid>432b9f95-e18c-4da1-be6e-fa3efba8fa8a</uuid></icon><icon><id>121</id><name>Pincode Keyboard</name><uuid>49b6a955-6b35-479f-81ef-197a7993938d</uuid></icon><icon><id>146</id><name>Plug</name><uuid>fabb111e-106d-445f-8bcc-d51d55282942</uuid></icon><icon><id>16</id><name>Print</name><uuid>b12bbabf-fed3-4644-8663-0e12e8a7161a</uuid></icon><icon><id>153</id><name>Printer</name><uuid>0587b0d3-9ef1-4046-b5de-67f661ad8188</uuid></icon><icon><id>17</id><name>Privacy</name><uuid>196b46c4-f910-4862-ae2c-e971a2c602fe</uuid></icon><icon><id>43</id><name>Processor</name><uuid>dacf5003-b15a-40ac-b86f-becf2cba9c11</uuid></icon><icon><id>32</id><name>Project</name><uuid>d534289c-98f5-4c40-a903-2b63bc010a6b</uuid></icon><icon><id>106</id><name>Prototype</name><uuid>448d98a3-71aa-4a73-a2d1-b86120ef1506</uuid></icon><icon><id>64</id><name>Puzzle</name><uuid>84b2fffe-1881-40aa-b0e6-3de5e1d84e42</uuid></icon><icon><id>94</id><name>RFID Signal</name><uuid>e11fc8c2-62e7-4b7e-93bb-a0429e8a47ac</uuid></icon><icon><id>108</id><name>Raspberry Pi</name><uuid>3b53c815-5573-45de-9ebf-8d3617d7c88f</uuid></icon><icon><id>130</id><name>Red Hat</name><uuid>df4c2e0d-0cb1-4967-b257-f43d245493b0</uuid></icon><icon><id>142</id><name>Robot</name><uuid>68f79080-aa5e-41d3-a171-7125f8d3d4d1</uuid></icon><icon><id>212</id><name>Robot</name><uuid>1b0e2a55-4593-47ea-9414-8e7ab93a1dce</uuid></icon><icon><id>101</id><name>Root Server</name><uuid>aed58287-cc1a-4a4e-abe3-037582808300</uuid></icon><icon><id>28</id><name>Router</name><uuid>f501600e-5fca-4e1b-a76e-17f9cab54c6f</uuid></icon><icon><id>171</id><name>Router</name><uuid>04351940-81ff-4d7a-868e-713967d9b433</uuid></icon><icon><id>8</id><name>SLA</name><uuid>d1a316f7-9882-4519-8a43-d73920830c5f</uuid></icon><icon><id>129</id><name>SSD</name><uuid>b4775483-c215-4143-8e72-d5b0f1bd23e1</uuid></icon><icon><id>18</id><name>SUSE</name><uuid>eaf0355e-dcb1-4701-9a20-d97ed2b22633</uuid></icon><icon><id>95</id><name>Satellites</name><uuid>44838a2a-ff54-408e-8e6e-a29c06e88a7d</uuid></icon><icon><id>103</id><name>Scanner</name><uuid>9e102e7b-8e03-4ac0-b5e6-c39b0255d6c5</uuid></icon><icon><id>210</id><name>Scanning Information</name><uuid>2adf8712-1dbe-4dc4-a916-b941f8473b26</uuid></icon><icon><id>170</id><name>Screwdriver</name><uuid>deac902b-e76b-479e-8daf-fb0c46508b50</uuid></icon><icon><id>3</id><name>Server</name><uuid>0fc66322-6bfc-41b1-905a-9344feadbca9</uuid></icon><icon><id>186</id><name>Server2</name><uuid>847183e0-1019-41d3-8b9e-fdbf3a24c0f1</uuid></icon><icon><id>184</id><name>Server3</name><uuid>898563e6-4169-4035-9e61-69fcc16148b5</uuid></icon><icon><id>168</id><name>Server3 Bullets</name><uuid>fc947c24-f3fc-4124-bea8-3ba67c5f8d47</uuid></icon><icon><id>199</id><name>Server3 Circle</name><uuid>54e8ce2a-8e80-47d3-b2df-900dff3788ef</uuid></icon><icon><id>61</id><name>Services</name><uuid>269041d0-6faa-42f7-9ee1-dc3407ff30b7</uuid></icon><icon><id>24</id><name>Settings</name><uuid>2f212a58-ca66-4bae-832a-ffd741363faa</uuid></icon><icon><id>5</id><name>Shield</name><uuid>3d62c13a-c36c-4cff-bac7-1c209d360f59</uuid></icon><icon><id>30</id><name>Shop</name><uuid>f2337505-94b9-4482-85f2-05e54b327fbc</uuid></icon><icon><id>204</id><name>Sitemap</name><uuid>8a36cf62-4268-4d9c-9973-5f916019a0dd</uuid></icon><icon><id>45</id><name>Skydrive</name><uuid>311d3fd7-3431-43d0-8ba3-e3ba7efb27cd</uuid></icon><icon><id>70</id><name>Skyscrapers</name><uuid>d307ede0-9044-4b51-8101-addbb21145f7</uuid></icon><icon><id>65</id><name>Slave</name><uuid>5cf3d9bb-080c-4f29-8cc3-472778a05d5d</uuid></icon><icon><id>110</id><name>Software Box</name><uuid>93ee364a-eaad-4662-8b54-79a317a32722</uuid></icon><icon><id>85</id><name>Software Installer</name><uuid>1f354493-8a55-4995-b81d-2eed0dd3c8a0</uuid></icon><icon><id>145</id><name>Spaceship</name><uuid>7d4679bc-6b1b-4d49-bb57-ffddbcf82514</uuid></icon><icon><id>187</id><name>Speech Bubbles</name><uuid>e4c154d3-da56-40d6-a83d-a8afa9930ab9</uuid></icon><icon><id>127</id><name>Speed</name><uuid>055b2448-dfce-4749-a5ef-8cb6d46688f3</uuid></icon><icon><id>181</id><name>Speedometer</name><uuid>a135a972-4c5b-44d6-abe9-44192ad79d16</uuid></icon><icon><id>92</id><name>Stack</name><uuid>5127c416-66bd-4739-8052-202b00b90908</uuid></icon><icon><id>49</id><name>Star</name><uuid>67c3d68f-26c3-4a2a-8b9a-83ff3a3fa505</uuid></icon><icon><id>198</id><name>Student Graduation</name><uuid>d4e1df64-bc7c-4597-aebd-42ded8851736</uuid></icon><icon><id>4</id><name>Support</name><uuid>aabcd27a-be5c-4fc1-baea-d2183b47a108</uuid></icon><icon><id>33</id><name>Switch</name><uuid>f3c56b70-aae4-4046-872f-fb0b89bc775f</uuid></icon><icon><id>39</id><name>TV Antenna</name><uuid>64310c47-f34d-46b8-a36a-4b825642df09</uuid></icon><icon><id>51</id><name>Tablet</name><uuid>0398afcd-9484-433d-a5bf-67e32fc9c965</uuid></icon><icon><id>211</id><name>Tag</name><uuid>b7ad7b65-d376-40e1-ae98-4928a4282835</uuid></icon><icon><id>34</id><name>Tempo</name><uuid>3b910fd3-f78b-444e-b6e0-34fb6e436547</uuid></icon><icon><id>59</id><name>Todo List</name><uuid>a29bb449-5a4e-4958-b2f3-6b1104f8d6a3</uuid></icon><icon><id>169</id><name>Tool</name><uuid>7d3dfa8c-3f4c-4642-97df-f65a8aed5c01</uuid></icon><icon><id>50</id><name>Toolbox</name><uuid>99aed6c0-39e4-4707-ad39-d1e22b64a970</uuid></icon><icon><id>147</id><name>Touch Screens</name><uuid>40738024-a61a-49e5-a5ba-54958022f827</uuid></icon><icon><id>82</id><name>Ubuntu</name><uuid>e9ea17c1-cbf3-48e5-929f-d84df2909d1b</uuid></icon><icon><id>98</id><name>University</name><uuid>61937d13-390e-4b9c-b178-7dac8a66f1f2</uuid></icon><icon><id>69</id><name>Unix</name><uuid>88951777-aa91-4bb2-b933-2a571ee5e9a7</uuid></icon><icon><id>107</id><name>User</name><uuid>457f1b35-a8be-41ee-935c-344c63bdb345</uuid></icon><icon><id>180</id><name>User</name><uuid>69625563-6a32-428b-a360-73f4fa597092</uuid></icon><icon><id>48</id><name>User Groups</name><uuid>a92af9a3-8764-4aec-aa1d-673f4bbb97fc</uuid></icon><icon><id>10</id><name>Users</name><uuid>88a2e403-2c45-4967-9487-e0e57fa90a88</uuid></icon><icon><id>7</id><name>VOIP Gateway</name><uuid>021178db-f1c2-4341-a717-01d2b125ad4b</uuid></icon><icon><id>156</id><name>Vehicle</name><uuid>a3aa7930-5ead-4474-9daf-d522d7db0f3a</uuid></icon><icon><id>63</id><name>Video Projector</name><uuid>3752e51f-30e1-47b4-ba33-bdbf9b6b4cfd</uuid></icon><icon><id>102</id><name>Virtual Machine</name><uuid>36f7bc9c-b52d-4ecf-9af7-f4bf4d29ee9e</uuid></icon><icon><id>119</id><name>Virtual Machine 2</name><uuid>c6c1c01c-3a9c-42e8-bcdd-7e7ee1c3de84</uuid></icon><icon><id>111</id><name>Visit</name><uuid>b5128a31-3d67-4bc5-a080-9b71be828d98</uuid></icon><icon><id>67</id><name>WiFi</name><uuid>42e9fccf-ca1d-4f08-b73b-25ea4a512d06</uuid></icon><icon><id>116</id><name>Windows</name><uuid>58d7fd9b-5100-41e6-a63e-83e53861eb74</uuid></icon><icon><id>81</id><name>Windows Client</name><uuid>6091018a-f513-43e9-b276-5613b4bb4dd4</uuid></icon><icon><id>135</id><name>Workstation</name><uuid>09c0c411-291a-4e00-b9bb-136eb3f7c3ce</uuid></icon><icon><id>21</id><name>iMac</name><uuid>d6b3014f-6bd1-42f9-8428-35c918dd55a4</uuid></icon><icon><id>12</id><name>iOS</name><uuid>31211963-0a6c-436f-a600-2c4a0b19762b</uuid></icon></icons><statusTypes><statusType objectSchemaId="155"><id>167</id><name>A Custom Status</name><category>2</category></statusType><statusType objectSchemaId="155"><id>5</id><name>Action Needed</name><category>2</category></statusType><statusType objectSchemaId="155"><id>1</id><name>Active</name><category>1</category></statusType><statusType objectSchemaId="155"><id>7</id><name>Closed</name><category>0</category></statusType><statusType objectSchemaId="155"><id>3</id><name>In Service</name><category>2</category></statusType><statusType objectSchemaId="155"><id>2</id><name>Running</name><category>1</category></statusType><statusType objectSchemaId="155"><id>6</id><name>Stopped</name><category>0</category></statusType><statusType objectSchemaId="155"><id>4</id><name>Support Requested</name><category>2</category></statusType></statusTypes></ns2:InsightSchema>